rid,min_d,chain_id,residue_number,residue_name,is_paratope
"('A', 1, '')",18.34335274697622,A,1,GLN,False
"('A', 2, '')",14.361714730490924,A,2,VAL,False
"('A', 3, '')",16.979049325565903,A,3,GLN,False
"('A', 4, '')",14.26036889424674,A,4,LEU,False
"('A', 5, '')",18.243618528131968,A,5,GLN,False
"('A', 6, '')",18.81845639259501,A,6,GLU,False
"('A', 7, '')",20.20219238102637,A,7,SER,False
"('A', 8, '')",22.476220345066917,A,8,GLY,False
"('A', 9, '')",23.752610067106307,A,9,PRO,False
"('A', 10, '')",27.374064586758028,A,10,GLY,False
"('A', 11, '')",29.161457216675576,A,11,LEU,False
"('A', 12, '')",26.52423919738321,A,12,VAL,False
"('A', 13, '')",28.139974928915628,A,13,LYS,False
"('A', 14, '')",28.337496237317794,A,14,PRO,False
"('A', 15, '')",26.507588196590046,A,15,SER,False
"('A', 16, '')",24.53854099167267,A,16,GLU,False
"('A', 17, '')",21.96048237175131,A,17,THR,False
"('A', 18, '')",20.413396728619173,A,18,LEU,False
"('A', 19, '')",20.057929554168844,A,19,SER,False
"('A', 20, '')",16.550162476543846,A,20,LEU,False
"('A', 21, '')",16.335964893449056,A,21,THR,False
"('A', 22, '')",13.92399152542115,A,22,CYS,False
"('A', 23, '')",15.588093597358208,A,23,SER,False
"('A', 24, '')",12.336740493339397,A,24,VAL,False
"('A', 25, '')",15.993987682876337,A,25,SER,False
"('A', 26, '')",16.069395694922694,A,26,GLY,False
"('A', 27, '')",12.42642430468234,A,27,GLY,False
"('A', 28, '')",8.057488752707012,A,28,SER,False
"('A', 29, '')",6.806974878754878,A,29,ILE,False
"('A', 30, '')",3.733051432809357,A,30,ILE,True
"('A', 31, '')",5.14860660761725,A,31,SER,False
"('A', 32, '')",2.7362755709175204,A,32,ARG,True
"('A', 33, '')",4.16398535059863,A,33,SER,True
"('A', 34, '')",4.820649333855346,A,34,SER,False
"('A', 35, '')",3.8804439179042385,A,35,TYR,True
"('A', 36, '')",7.1367878628974255,A,36,TRP,False
"('A', 37, '')",10.608265503841803,A,37,GLY,False
"('A', 38, '')",13.107814997168674,A,38,TRP,False
"('A', 39, '')",14.732296290802735,A,39,ILE,False
"('A', 40, '')",17.079100122664542,A,40,ARG,False
"('A', 41, '')",20.40137215973475,A,41,GLN,False
"('A', 42, '')",20.769696459024143,A,42,PRO,False
"('A', 43, '')",25.490631553572776,A,43,PRO,False
"('A', 44, '')",26.265000856653327,A,44,GLY,False
"('A', 45, '')",23.062342855833183,A,45,LYS,False
"('A', 46, '')",20.18484255573969,A,46,GLY,False
"('A', 47, '')",16.78316072734811,A,47,LEU,False
"('A', 48, '')",14.51645965791935,A,48,GLU,False
"('A', 49, '')",7.051883436359395,A,49,TRP,False
"('A', 50, '')",10.33004167464972,A,50,ILE,False
"('A', 51, '')",9.990428469289993,A,51,GLY,False
"('A', 52, '')",7.5909106831789295,A,52,GLY,False
"('A', 53, '')",5.026783961938289,A,53,ILE,False
"('A', 54, '')",1.45894927944737,A,54,TYR,True
"('A', 55, '')",1.174129890599844,A,55,HIS,True
"('A', 56, '')",2.1012881763337465,A,56,SER,True
"('A', 57, '')",3.876135575544281,A,57,GLY,True
"('A', 58, '')",2.957097563490256,A,58,ASN,True
"('A', 59, '')",5.628994581628232,A,59,THR,False
"('A', 60, '')",2.1606464310478932,A,60,TYR,True
"('A', 61, '')",5.845640940050971,A,61,ASP,False
"('A', 62, '')",7.900107910655398,A,62,ASN,False
"('A', 63, '')",6.4258404119616905,A,63,PRO,False
"('A', 64, '')",10.30366007785583,A,64,SER,False
"('A', 65, '')",11.884443150606593,A,65,LEU,False
"('A', 66, '')",5.590818902450696,A,66,LYS,False
"('A', 67, '')",12.714989972469503,A,67,SER,False
"('A', 68, '')",15.284693814401386,A,68,ARG,False
"('A', 69, '')",11.789420554039117,A,69,LEU,False
"('A', 70, '')",13.721649536407785,A,70,THR,False
"('A', 71, '')",10.419438372580357,A,71,MET,False
"('A', 72, '')",9.609739330491749,A,72,SER,False
"('A', 73, '')",6.480426374861458,A,73,VAL,False
"('A', 74, '')",9.16411370509991,A,74,ASP,False
"('A', 75, '')",4.997810820749422,A,75,THR,False
"('A', 76, '')",9.090257257085742,A,76,SER,False
"('A', 77, '')",11.514193849332223,A,77,LYS,False
"('A', 78, '')",10.004398382711477,A,78,ASN,False
"('A', 79, '')",10.598809791670005,A,79,GLN,False
"('A', 80, '')",9.82474457683252,A,80,PHE,False
"('A', 81, '')",12.139834389315201,A,81,SER,False
"('A', 82, '')",14.626490317229216,A,82,LEU,False
"('A', 83, '')",16.379015049751924,A,83,ASN,False
"('A', 84, '')",16.787126406863084,A,84,LEU,False
"('A', 85, '')",16.799629906637826,A,85,ARG,False
"('A', 86, '')",22.518227816593384,A,86,SER,False
"('A', 87, '')",22.41974890581962,A,87,VAL,False
"('A', 88, '')",23.543799714574536,A,88,THR,False
"('A', 89, '')",25.55117973792991,A,89,ALA,False
"('A', 90, '')",21.8423552072573,A,90,ALA,False
"('A', 91, '')",19.694619493658664,A,91,ASP,False
"('A', 92, '')",23.991446913431464,A,92,THR,False
"('A', 93, '')",22.19766913439337,A,93,ALA,False
"('A', 94, '')",21.56661628536104,A,94,VAL,False
"('A', 95, '')",19.36743392915024,A,95,TYR,False
"('A', 96, '')",16.922833509787893,A,96,TYR,False
"('A', 97, '')",15.029631366071492,A,97,CYS,False
"('A', 98, '')",11.581172004594352,A,98,ALA,False
"('A', 99, '')",9.404178911526515,A,99,ARG,False
"('A', 100, '')",5.969955694977978,A,100,ILE,False
"('A', 101, '')",6.113617668778446,A,101,VAL,False
"('A', 102, '')",3.9669439118797736,A,102,PRO,True
"('A', 103, '')",4.632665863193675,A,103,GLY,False
"('A', 104, '')",5.6086117711961485,A,104,GLY,False
"('A', 105, '')",4.658123871259758,A,105,ASP,False
"('A', 106, '')",8.82617244336411,A,106,ALA,False
"('A', 107, '')",11.527879857111627,A,107,PHE,False
"('A', 108, '')",11.277039017401686,A,108,ASP,False
"('A', 109, '')",13.652150050449931,A,109,ILE,False
"('A', 110, '')",15.815058393822008,A,110,TRP,False
"('A', 111, '')",17.905040910313495,A,111,GLY,False
"('A', 112, '')",21.59352303353948,A,112,GLN,False
"('A', 113, '')",22.359780320924443,A,113,GLY,False
"('A', 114, '')",22.359411888509054,A,114,THR,False
"('A', 115, '')",26.034120880106556,A,115,MET,False
"('A', 116, '')",24.263442233121005,A,116,VAL,False
"('A', 117, '')",27.934522297687497,A,117,THR,False
"('A', 118, '')",25.651867846221254,A,118,VAL,False
"('A', 119, '')",30.399336078276445,A,119,SER,False
"('A', 120, '')",33.40190145785117,A,120,SER,False
"('B', 1, '')",9.171961949332324,B,1,ASP,False
"('B', 2, '')",9.763320848973466,B,2,ILE,False
"('B', 3, '')",14.749388766996415,B,3,GLN,False
"('B', 4, '')",15.339496080380215,B,4,MET,False
"('B', 5, '')",20.146982379502894,B,5,THR,False
"('B', 6, '')",20.812610504211143,B,6,GLN,False
"('B', 7, '')",24.791108930421,B,7,SER,False
"('B', 8, '')",27.136010871165276,B,8,PRO,False
"('B', 9, '')",28.92787963193984,B,9,SER,False
"('B', 10, '')",30.500870413809505,B,10,SER,False
"('B', 11, '')",29.095919181218523,B,11,LEU,False
"('B', 12, '')",33.79809956195762,B,12,SER,False
"('B', 13, '')",32.25233217923938,B,13,ALA,False
"('B', 14, '')",33.51225078982311,B,14,SER,False
"('B', 15, '')",34.36378211140328,B,15,VAL,False
"('B', 16, '')",31.604722479401715,B,16,GLY,False
"('B', 17, '')",29.46128727669584,B,17,ASP,False
"('B', 18, '')",22.58031230962052,B,18,ARG,False
"('B', 19, '')",24.351679900984244,B,19,VAL,False
"('B', 20, '')",22.60091073386203,B,20,THR,False
"('B', 21, '')",20.727940442793635,B,21,ILE,False
"('B', 22, '')",21.030114526554534,B,22,ALA,False
"('B', 23, '')",18.05133457670097,B,23,CYS,False
"('B', 24, '')",18.424340666629025,B,24,ARG,False
"('B', 25, '')",14.857074947646995,B,25,ALA,False
"('B', 26, '')",15.001880315480458,B,26,SER,False
"('B', 27, '')",9.218252111978712,B,27,GLN,False
"('B', 28, '')",9.748415717438398,B,28,SER,False
"('B', 29, '')",8.745852617098006,B,29,VAL,False
"('B', 30, '')",8.424707175920123,B,30,GLY,False
"('B', 31, '')",5.207070385543103,B,31,THR,False
"('B', 32, '')",2.8306135377334725,B,32,TYR,True
"('B', 33, '')",9.911201037210374,B,33,LEU,False
"('B', 34, '')",9.89905581356121,B,34,ASN,False
"('B', 35, '')",14.996631388415201,B,35,TRP,False
"('B', 36, '')",12.973971481393042,B,36,TYR,False
"('B', 37, '')",20.8753551347037,B,37,GLN,False
"('B', 38, '')",23.791498943950547,B,38,GLN,False
"('B', 39, '')",26.537333607580095,B,39,LYS,False
"('B', 40, '')",29.622094287879108,B,40,ARG,False
"('B', 41, '')",28.05436254845225,B,41,GLY,False
"('B', 42, '')",24.856872007555577,B,42,LYS,False
"('B', 43, '')",21.470031672077244,B,43,ALA,False
"('B', 44, '')",19.357288239833593,B,44,PRO,False
"('B', 45, '')",19.208687357547365,B,45,LYS,False
"('B', 46, '')",13.88746344729663,B,46,LEU,False
"('B', 47, '')",16.952172869576334,B,47,LEU,False
"('B', 48, '')",13.522908193136564,B,48,ILE,False
"('B', 49, '')",10.08327754254538,B,49,PHE,False
"('B', 50, '')",7.645668185319057,B,50,ALA,False
"('B', 51, '')",9.638778657070613,B,51,ALA,False
"('B', 52, '')",9.40349743446554,B,52,SER,False
"('B', 53, '')",9.105273362178645,B,53,SER,False
"('B', 54, '')",13.596229183122798,B,54,LEU,False
"('B', 55, '')",14.356378547530712,B,55,GLN,False
"('B', 56, '')",17.109481026612112,B,56,SER,False
"('B', 57, '')",20.579890427307916,B,57,GLY,False
"('B', 58, '')",20.34135302776096,B,58,VAL,False
"('B', 59, '')",21.526738605743326,B,59,PRO,False
"('B', 60, '')",21.261224353268087,B,60,SER,False
"('B', 61, '')",22.386289062727656,B,61,ARG,False
"('B', 62, '')",18.79220255850814,B,62,PHE,False
"('B', 63, '')",16.9808136730841,B,63,SER,False
"('B', 64, '')",13.64154807930537,B,64,GLY,False
"('B', 65, '')",13.539299834186401,B,65,SER,False
"('B', 66, '')",10.451781474944832,B,66,GLY,False
"('B', 67, '')",9.992565686549176,B,67,SER,False
"('B', 68, '')",11.339545537630684,B,68,GLY,False
"('B', 69, '')",14.487783163755592,B,69,THR,False
"('B', 70, '')",14.745487479225634,B,70,ASP,False
"('B', 71, '')",11.575302328665114,B,71,PHE,False
"('B', 72, '')",16.63150462225231,B,72,THR,False
"('B', 73, '')",18.66729517096679,B,73,LEU,False
"('B', 74, '')",19.980967544140597,B,74,THR,False
"('B', 75, '')",22.974227016376414,B,75,ILE,False
"('B', 76, '')",24.528339405675222,B,76,SER,False
"('B', 77, '')",27.193614213634792,B,77,SER,False
"('B', 78, '')",28.84633806915533,B,78,LEU,False
"('B', 79, '')",30.35521222129735,B,79,GLN,False
"('B', 80, '')",33.2059360657097,B,80,PRO,False
"('B', 81, '')",29.739094757574584,B,81,GLU,False
"('B', 82, '')",27.508817259198914,B,82,ASP,False
"('B', 83, '')",30.273472529592638,B,83,PHE,False
"('B', 84, '')",27.495825028538423,B,84,ALA,False
"('B', 85, '')",24.257342599716075,B,85,THR,False
"('B', 86, '')",22.108165776472728,B,86,TYR,False
"('B', 87, '')",18.151478562365103,B,87,TYR,False
"('B', 88, '')",16.155369819351087,B,88,CYS,False
"('B', 89, '')",10.690782010685654,B,89,GLN,False
"('B', 90, '')",10.031656792374829,B,90,GLN,False
"('B', 91, '')",6.126726124122084,B,91,SER,False
"('B', 92, '')",5.40127957062028,B,92,TYR,False
"('B', 93, '')",6.58840473862983,B,93,SER,False
"('B', 94, '')",3.3875477856408165,B,94,SER,True
"('B', 95, '')",5.790843979939366,B,95,PRO,False
"('B', 96, '')",7.806193438546089,B,96,PRO,False
"('B', 97, '')",11.343290395647994,B,97,THR,False
"('B', 98, '')",14.584338346322058,B,98,PHE,False
"('B', 99, '')",18.070342830173423,B,99,GLY,False
"('B', 100, '')",21.084719538092035,B,100,GLN,False
"('B', 101, '')",22.99308198132647,B,101,GLY,False
"('B', 102, '')",25.021340751446555,B,102,THR,False
"('B', 103, '')",28.1362136933881,B,103,LYS,False
"('B', 104, '')",28.172742589247502,B,104,VAL,False
"('B', 105, '')",32.780535977924465,B,105,GLU,False
"('B', 106, '')",35.544816457537095,B,106,ILE,False
"('B', 107, '')",37.43705316928671,B,107,LYS,False
